<mapping>
	<destinations>
	
		<!-- Weblogic 10.3.3.0 -->
		<destination name="backend">
			<artifact name="tracciabilitaplichi-config-core" type="config" />
			<artifact name="tracciabilitaplichi-config-core" type="system-config" />
			<artifact name="tracciabilitaplichi-common" type="lib" />
			<artifact name="tracciabilitaplichi-interfaces" type="lib" />
			<artifact name="tracciabilitaplichi-controller" type="lib" />
			<artifact name="tracciabilitaplichi-core" type="lib" />
			<artifact name="tracciabilitaplichi-persistence" type="lib" />
			<artifact name="tracciabilitaplichi-external" type="lib" />
			<artifact name="tracciabilitaplichi-lib-core" type="lib" />
			<artifact name="tracciabilitaplichi-lib-bridge" type="lib" />
			<artifact name="tracciabilitaplichi-ejb3-core" type="ejb" />
		</destination>
		<destination name="backendbatch">
			<artifact name="tracciabilitaplichi-config-core" type="config" />
			<artifact name="tracciabilitaplichi-config-core" type="system-config" />
			<artifact name="tracciabilitaplichi-common" type="lib" />
			<artifact name="tracciabilitaplichi-interfaces" type="lib" />
			<artifact name="tracciabilitaplichi-controller" type="lib" />
			<artifact name="tracciabilitaplichi-core" type="lib" />
			<artifact name="tracciabilitaplichi-persistence" type="lib" />
			<artifact name="tracciabilitaplichi-external" type="lib" />
			<artifact name="tracciabilitaplichi-lib-core" type="lib" />
			<artifact name="tracciabilitaplichi-lib-bridge" type="lib" />
			<artifact name="tracciabilitaplichi-ejb3-core" type="ejb" />
		</destination>
		<destination name="client">
			<artifact name="tracciabilitaplichi-common" type="lib" />
			<artifact name="tracciabilitaplichi-lib-bridge" type="lib"/>
			<artifact name="tracciabilitaplichi-lib-core" type="lib"/>
			<!--  <artifact name="tracciabilitaplichi-lib-client" type="lib"/>  -->
		</destination>
		<destination name="pdf">
			<artifact name="tracciabilitaplichi-pdf-intranet" type="pdf"/>
		</destination>
		<destination name="internet">
			<artifact name="tracciabilitaplichi-lib-core" type="lib"/>
		</destination>
		<destination name="intranet">
			<artifact name="tracciabilitaplichi-config-intranet" type="config"/>
			<artifact name="tracciabilitaplichi-config-intranet" type="system-config"/>
			<artifact name="tracciabilitaplichi-common" type="lib" />
			<artifact name="tracciabilitaplichi-interfaces" type="lib" />
			<artifact name="tracciabilitaplichi-core" type="lib" />
			<artifact name="tracciabilitaplichi-external" type="lib" />
			<artifact name="tracciabilitaplichi-persistence" type="lib" />
			<artifact name="tracciabilitaplichi-lib-bridge" type="lib"/>
			<artifact name="tracciabilitaplichi-lib-core" type="lib"/>
			<artifact name="tracciabilitaplichi-web-intranet" type="web"/>
			<artifact name="tracciabilitaplichi-web-intranet" type="static"/>
		</destination>
		<destination name="intranetbatch">
			<artifact name="tracciabilitaplichi-config-intranet" type="config"/>
			<artifact name="tracciabilitaplichi-config-intranet" type="system-config"/>
			<artifact name="tracciabilitaplichi-common" type="lib" />
			<artifact name="tracciabilitaplichi-interfaces" type="lib" />
			<artifact name="tracciabilitaplichi-core" type="lib" />
			<artifact name="tracciabilitaplichi-persistence" type="lib" />
			<artifact name="tracciabilitaplichi-external" type="lib" />
			<artifact name="tracciabilitaplichi-lib-bridge" type="lib"/>
			<artifact name="tracciabilitaplichi-lib-core" type="lib"/>
			<artifact name="tracciabilitaplichi-web-intranet" type="web"/>
			<artifact name="tracciabilitaplichi-web-intranet" type="static"/>
		</destination>
		
		<!-- Weblogic 12.1.2.0.0 -->
		<destination name="extra">
			<artifact name="tracciabilitaplichi-pdf-intranet" type="pdf"/>
		</destination>
		<destination name="batch-ear">
			<artifact name="tracciabilitaplichi-config-core" type="config" />
			<artifact name="tracciabilitaplichi-config-core" type="system-config" />
			<artifact name="tracciabilitaplichi-common" type="lib" />
			<artifact name="tracciabilitaplichi-interfaces" type="lib" />
			<artifact name="tracciabilitaplichi-controller" type="lib" />
			<artifact name="tracciabilitaplichi-core" type="lib" />
			<artifact name="tracciabilitaplichi-persistence" type="lib" />
			<artifact name="tracciabilitaplichi-external" type="lib" />
			<artifact name="tracciabilitaplichi-lib-core" type="lib" />
			<artifact name="tracciabilitaplichi-lib-bridge" type="lib" />
			<artifact name="tracciabilitaplichi-ejb3-core" type="ejb" />
			<artifact name="tracciabilitaplichi-config-intranet" type="config"/>
			<artifact name="tracciabilitaplichi-config-intranet" type="system-config"/>
			<artifact name="tracciabilitaplichi-web-intranet" type="web"/>
			<artifact name="tracciabilitaplichi-web-intranet" type="static"/>
		</destination>
		<destination name="intranet-ear">
			<artifact name="tracciabilitaplichi-config-core" type="config" />
			<artifact name="tracciabilitaplichi-config-core" type="system-config" />
			<artifact name="tracciabilitaplichi-common" type="lib" />
			<artifact name="tracciabilitaplichi-interfaces" type="lib" />
			<artifact name="tracciabilitaplichi-controller" type="lib" />
			<artifact name="tracciabilitaplichi-core" type="lib" />
			<artifact name="tracciabilitaplichi-persistence" type="lib" />
			<artifact name="tracciabilitaplichi-external" type="lib" />
			<artifact name="tracciabilitaplichi-lib-core" type="lib" />
			<artifact name="tracciabilitaplichi-lib-bridge" type="lib" />
			<artifact name="tracciabilitaplichi-ejb3-core" type="ejb" />
			<artifact name="tracciabilitaplichi-config-intranet" type="config"/>
			<artifact name="tracciabilitaplichi-config-intranet" type="system-config"/>
			<artifact name="tracciabilitaplichi-web-intranet" type="web"/>
			<artifact name="tracciabilitaplichi-web-intranet" type="static"/>
		</destination>
		<destination name="internet-ear">
			<artifact name="tracciabilitaplichi-lib-core" type="lib"/>
		</destination>		
	</destinations>
</mapping>
